{"cameraMode":{"drawMode":0,"name":"Shaded","section":"Shading Mode"},"sceneLighting":false,"audioPlay":false,"sceneViewState":{"m_AlwaysRefresh":false,"showFog":false,"showSkybox":false,"showFlares":false,"showImageEffects":false,"showParticleSystems":false,"showVisualEffectGraphs":true,"m_FxEnabled":true},"in2DMode":false,"pivot":{"x":-0.3541072607040405,"y":0.26452893018722536,"z":-0.4414077401161194},"rotation":{"x":-0.07043509930372238,"y":0.8483172059059143,"z":-0.11678756028413773,"w":-0.5116239786148071},"size":1.0712716579437256,"orthographic":false}